10001,ACCU,AdvisorShares Accuvest Global Opportunities ETF,Global Equity ETF,
44,ACI,Arch Coal Inc. Common ,Basic Materials,Industrial Metals & Minerals
59,ACXM,Acxiom Corporation ,Technology,Information Technology Services
66,ADGE,American DG Energy Inc. Common  ,Utilities,Electric Utilities
4044,AEH, AEGON N.V. Perp. Cap Secs. ,N/A,N/A
85,AEHR,Aehr Test Systems ,Technology,Semiconductor Equipment & Materials
4045,AEK, Aegon NV 8.00% Non-Cumulative S ,N/A,N/A
89,AEO,American Eagle Outfitters Inc. ,Services,Apparel Stores
96,AET,Aetna Inc. Common ,Healthcare,Health Care Plans
106,AFF,American International Group I ,NULL,NULL
10751,AGQ,ProShares Ultra Silver ETF,Commodity Based ETF,
127,AHC,A.H. Belo Corporation Common St ,Services,Publishing - Newspapers
131,AHS,AMN Healthcare Services Inc AMN ,Services,Staffing & Outsourcing Services
136,AIMC,Altra Holdings Inc. ,Industrial Goods,Industrial Electrical Equipment
142,AIRT,Air T Inc. ,Services,Air Delivery & Freight Services
152,ALB,Albemarle Corporation Common St ,Basic Materials,Specialty Chemicals
167,ALN,American Lorain Corporation Com ,Consumer Goods,Processed & Packaged Goods
178,ALTR,Altera Corporation ,Technology,Semiconductor - Specialized
184,ALXN,Alexion Pharmaceuticals Inc. ,Healthcare,Biotechnology
186,AMAG,AMAG Pharmaceuticals Inc. ,Healthcare,Diagnostic Substances
211,AMRS,Amyris Inc. ,Healthcare,Biotechnology
225,ANAT,American National Insurance Com ,Financial,Property & Casualty Insurance
230,ANF,Abercrombie & Fitch Company Com ,Services,Apparel Stores
4081,ANGI, Angie's List  Inc. ,N/A,N/A
10500,ANGL,Market Vectors Fallen Angel HY Bond ETF,Fixed Income ETF,
236,ANN,ANN INC. Common ,Services,Apparel Stores
246,AOL,AOL Inc. AOL Inc. Common ,Technology,Internet Information Providers
247,AON,Aon plc Class A Ordinary Shares ,Financial,Insurance Brokers
252,APA,Apache Corporation Common ,Basic Materials,Independent Oil & Gas
259,API,Advanced Photonix Inc. Class A ,Technology,Semiconductor - Integrated Circuits
263,APOL,Apollo Group Inc. ,Services,Education & Training Services
11096,APWC,Asia Pacific Wire & Cable Corp. Ltd. ,Industrial Goods,Industrial Electrical Equipment
278,AREX,Approach Resources Inc. ,Basic Materials,Oil & Gas Drilling & Exploration
284,ARL,American Realty Investors Inc. ,Financial,Property Management
4098,ARN, Ares Capital Corporation 7.00%  ,N/A,N/A
288,ARNA,Arena Pharmaceuticals Inc. ,Healthcare,Biotechnology
300,ARTX,Arotech Corporation ,Industrial Goods,Industrial Electrical Equipment
303,ARWR,Arrowhead Research Corporation ,Healthcare,Biotechnology
4103,ASBCW, Associated Banc-Corp ,N/A,N/A
314,ASGN,On Assignment Inc. ,Services,Staffing & Outsourcing Services
4106,ASNA, Ascena Retail Group  Inc. ,Services,Apparel Stores
322,ASRV,AmeriServ Financial Inc. ,Financial,Regional - Northeast Banks
329,ASYS,Amtech Systems Inc. ,Technology,Semiconductor Equipment & Materials
4109,ATL, Atlatsa Resources Corporation ,Basic Materials,Industrial Metals & Minerals
4112,ATTU, Attunity Ltd. ,Technology,Technical & System Software
10546,AUD,PIMCO Australia Bond Index Fund ETF,Fixed Income ETF,
365,AUXL,Auxilium Pharmaceuticals Inc. ,Healthcare,Drug Related Products
375,AVGO,Avago Technologies Limited ,Technology,Semiconductor - Broad Line
4117,AVV, Aviva plc Subordinated Capital  ,N/A,N/A
10338,AXEN,iShares MSCI ACWI ex US Energy Sector Index Fund (AXEN) ETF,Global Equity ETF,
10340,AXHE,iShares MSCI ACWI ex US Health Care Sector Index Fund (AXHE) ETF,Global Equity ETF,
10344,AXMT,iShares MSCI ACWI ex US Materials Sector Index Fund (AXMT) ETF,Global Equity ETF,
4121,AXX, Alderon Iron Ore Corp. Ordinary ,Basic Materials,Industrial Metals & Minerals
405,AZO,AutoZone Inc. Common ,Services,Auto Parts Stores
421,BAP,Credicorp Ltd. Common ,Financial,Money Center Banks
425,BBBY,Bed Bath & Beyond Inc. ,Services,Home Furnishing Stores
426,BBD,Banco Bradesco Sa American Depo ,Financial,Foreign Regional Banks
446,BCOV,Brightcove Inc. ,Technology,Application Software
11124,BDL,Flanigans Enterprises Inc. ,Services,Specialty Eateries
457,BDX,Becton Dickinson and Company C ,Healthcare,Medical Instruments & Supplies
476,BGG,Briggs & Stratton Corporation C ,Industrial Goods,Diversified Machinery
481,BHI,Baker Hughes Incorporated Commo ,Basic Materials,Oil & Gas Equipment & Services
488,BIIB,Biogen Idec Inc. ,Healthcare,Biotechnology
4176,BKU, BankUnited  Inc. Common ,Financial,Regional - Mid-Atlantic Banks
4181,BLMN, Bloomin' Brands  Inc. ,Services,Restaurants
4182,BLMT, BSB Bancorp  Inc. ,Financial,Money Center Banks
557,BPO,Brookfield Office Properties In ,Financial,Property Management
4201,BPOPN, Popular  Inc. ,N/A,N/A
569,BRKR,Bruker Corporation ,Technology,Scientific & Technical Instruments
4208,BRN, Barnwell Industries  Inc. Commo ,Basic Materials,Independent Oil & Gas
4210,BSAC, Banco Santander - Chile ADS ,Financial,Money Center Banks
580,BSI,Alon Holdings - Blue Square Isr ,Services,Department Stores
585,BSX,Boston Scientific Corporation C ,Healthcare,Medical Appliances & Equipment
590,BTH,Blyth Inc. New Common ,Consumer Goods,Personal Products
591,BTI,British American Tobacco  Indus ,Consumer Goods,Cigarettes
4226,BWG, Legg Mason BW Global Income Opp ,N/A,N/A
11143,BYBK,Bay Bancorp Inc. ,Financial,Regional - Mid-Atlantic Banks
4233,BZF, WisdomTree Dreyfus Brazilian Re ,N/A,N/A
623,CAB,Cabela's Inc Class A Common Sto ,Services,Sporting Goods Stores
627,CACH,Cache Inc. ,Services,Apparel Stores
10550,CAD,PIMCO Canada Bond Index Fund ETF,Fixed Income ETF,
637,CAK,CAMAC Energy Inc. ,Basic Materials,Independent Oil & Gas
638,CAKE,The Cheesecake Factory Incorpor ,Services,Restaurants
640,CALI,China Auto Logistics Inc. ,Services,Auto Parts Wholesale
641,CALL,magicJack VocalTec Ltd ,Technology,Telecom Services - Domestic
659,CATO,Cato Corporation (The) Class A  ,Services,Apparel Stores
661,CAVM,Cavium Inc. ,Technology,Semiconductor - Broad Line
662,CAVO,CAVICO CP CMN ,Industrial Goods,Heavy Construction
674,CBI,Chicago Bridge & Iron Company N ,Industrial Goods,General Contractors
681,CBMX,CombiMatrix Corporation ,Healthcare,Medical Laboratories & Research
11149,CBMXW,CombiMatrix Corporation ,N/A,N/A
687,CBR,Ciber Inc. Common ,Technology,Information Technology Services
688,CBRL,Cracker Barrel Old Country Stor ,Services,Restaurants
703,CCI,Crown Castle International Corp ,Technology,Diversified Communication Services
704,CCIH,ChinaCache International Holdin ,Technology,Internet Information Providers
705,CCIX,Coleman Cable Inc. ,Industrial Goods,Industrial Electrical Equipment
4246,CCX, WisdomTree Dreyfus Commodity Cu ,N/A,N/A
723,CDR,Cedar Realty Trust Inc. Common ,Financial,REIT - Retail
731,CECE,CECO Environmental Corp. ,Industrial Goods,Pollution & Treatment Controls
765,CGR,Claude Resources Inc. Ordinary ,Basic Materials,Gold
780,CHGS,China GengSheng Minerals Inc.  ,Basic Materials,Nonmetallic Mineral Mining
785,CHKP,Check Point Software Technologi ,Technology,Security Software & Services
787,CHLN,China Housing & Land Developmen ,Financial,Real Estate Development
793,CHS,Chico's FAS Inc. Common ,Services,Apparel Stores
11160,CIFC,CIFC Corp. ,Financial,Asset Management
4278,CIK, Credit Suisse Asset Management  ,Financial,Closed-End Fund - Debt
808,CIM,Chimera Investment Corporation  ,Financial,REIT - Diversified
820,CKP,Checkpoint Systms Inc. Common  ,Services,Security & Protection Services
844,CLUB,Town Sports International Holdi ,Services,Sporting Activities
11163,CMGE,China Mobile Games and Entertainment Group Limited ,Technology,Multimedia & Graphics Software
859,CMLS,Cumulus Media Inc. ,Services,Broadcasting - Radio
862,CMP,Compass Minerals Intl Inc Commo ,Basic Materials,Industrial Metals & Minerals
875,CNI,Canadian National Railway Compa ,Services,Railroads
881,CNP,CenterPoint Energy Inc (Holdin ,Utilities,Diversified Utilities
4293,CNPF, Global Canada Preferred ETF ,N/A,N/A
891,CO,China Cord Blood Corporation. C ,Healthcare,Medical Laboratories & Research
10490,COLX,Market Vector Colombia ETF,Global Equity ETF,
932,CPL,CPFL Energia S.A. CPFL Energia  ,Utilities,Foreign Utilities
935,CPN,Calpine Corporation Common Stoc ,Utilities,Electric Utilities
942,CPST,Capstone Turbine Corporation ,Industrial Goods,Industrial Electrical Equipment
963,CRIS,Curis Inc. ,Healthcare,Biotechnology
4309,CRRB, Carrollton Bancorp ,Financial,Regional - Mid-Atlantic Banks
975,CRT,Cross Timbers Royalty Trust Com ,Basic Materials,Oil & Gas Drilling & Exploration
1001,CSRE,CSR plc ,NULL,NULL
1006,CSV,Carriage Services Inc. Common  ,Services,Personal Services
1008,CSX,CSX Corporation Common ,Services,Railroads
1010,CTAS,Cintas Corporation ,Services,Apparel Stores
1021,CTHR,Charles & Colvard Ltd ,Services,Jewelry Stores
11192,CUBI,Customers Bancorp Inc. ,Financial,Regional - Northeast Banks
1038,CVA,Covanta Holding Corporation Com ,Industrial Goods,Waste Management
1045,CVGI,Commercial Vehicle Group Inc. ,Services,Auto Parts Wholesale
1047,CVH,Coventry Health Care Inc. Comm ,Healthcare,Health Care Plans
1052,CVO,Cenveo Inc ,Services,Business Services
1055,CVTI,Covenant Transportation Group  ,Services,Trucking
1062,CWEI,Clayton Williams Energy Inc. ,Basic Materials,Independent Oil & Gas
4335,CWZ, Lehman ABS Corporation Common S ,N/A,N/A
4336,CXE, MFS High Income Municipal Trust ,N/A,N/A
4344,DBA, PowerShares DB Agriculture Fund ,N/A,N/A
4354,DBS, PowerShares DB Silver Fund ,N/A,N/A
4355,DBV, PowerShares DB G10 Currency Har ,N/A,N/A
11204,DDC,Dominion Diamond Corporation ,Basic Materials,Nonmetallic Mineral Mining
4360,DDF, Delaware Investments Dividend & ,Financial,Closed-End Fund - Equity
1124,DEJ,Dejour Energy Inc. Ltd Ordinary ,Basic Materials,Oil & Gas Drilling & Exploration
4374,DHG, DWS High Income Opportunities F ,N/A,N/A
1153,DISCA,Discovery Communications Inc ,Services,CATV Systems
4378,DJCI, UBS AG Linked to the Dow Jones- ,N/A,N/A
1160,DKS,Dick's Sporting Goods Inc Commo ,Services,Sporting Goods Stores
1161,DL,China Distance Education Holdin ,Services,Education & Training Services
1162,DLA,Delta Apparel Inc. Common Stoc ,Consumer Goods,Textile - Apparel Clothing
1163,DLB,Dolby Laboratories Common ,Technology,Diversified Electronics
1166,DLLR,DFC Global Corp ,Financial,Credit Services
1173,DMND,Diamond Foods Inc. ,Consumer Goods,Processed & Packaged Goods
4388,DNKN, Dunkin' Brands Group  Inc. ,Services,Restaurants
1184,DOV,Dover Corporation Common ,Industrial Goods,Diversified Machinery
1187,DOX,Amdocs Limited Common ,Technology,Business Software & Services
1190,DPW,Digital Power Corporation Commo ,Technology,Diversified Electronics
4403,DRV, Drexion Daily Real Estate Bear  ,N/A,N/A
1204,DRWI,DragonWave Inc ,Technology,Communication Equipment
4404,DSCO, Discovery Laboratories  Inc. ,Healthcare,Biotechnology
10570,DSUM,PowerShares Chinese Yuan Dim Sum Bond Portfolio ETF,Fixed Income ETF,
1211,DSW,DSW Inc. Common ,Services,Apparel Stores
1216,DTLK,Datalink Corporation ,Technology,Data Storage Devices
11214,DVCR,Diversicare Healthcare Services Inc. ,Healthcare,Long-Term Care Facilities
1227,DVOX,DynaVox Inc. ,Technology,Application Software
1236,DXPE,DXP Enterprises Inc. ,Services,Industrial Equipment Wholesale
1238,DXYN,The Dixie Group Inc. ,Industrial Goods,Textile Industrial
10856,EBND,SPDR Barclays Capital Emerging Markets Local Bond ETF,Fixed Income ETF,
4436,ECTE, Echo Therapeutics  Inc. ,Healthcare,Drug Manufacturers - Major
4439,EDD, Morgan Stanley Emerging Markets ,N/A,N/A
10659,EEHB,PowerShares S&amp;P Emerging MktsHigh Beta ETF,Global Equity ETF,
4451,EHI, Western Asset Global High Incom ,Financial,Closed-End Fund - Debt
1296,EHTH,eHealth Inc. ,Financial,Insurance Brokers
1297,EIG,Employers Holdings Inc Common S ,Financial,Property & Casualty Insurance
4454,EIO, Eaton Vance Ohio Municipal Bond ,Financial,Closed-End Fund - Debt
4460,ELB, Entergy Louisiana  Inc. 6.0% Se ,N/A,N/A
11037,ELD,WisdomTree Emerging Markets Local Debt Fund ETF,Fixed Income ETF,
1312,ELX,Emulex Corporation Common ,Technology,Data Storage Devices
1321,EMMS,Emmis Communications Corporatio ,Services,Broadcasting - Radio
4472,EMQ, Entergy Mississippi  Inc. 1st M ,N/A,N/A
4473,EMXX, Eurasian Minerals Inc Common Sh ,Basic Materials,Industrial Metals & Minerals
4474,EMZ, Entergy Mississippi  Inc. First ,N/A,N/A
1333,ENOC,EnerNOC Inc. ,Services,Business Services
1342,EOC,Empresa Nacional de Electricida ,Utilities,Diversified Utilities
4482,EOT, Eaton Vance Municipal Income Tr ,N/A,N/A
4483,EOX, Emerald Oil  Inc. Common ,Basic Materials,Oil & Gas Drilling & Exploration
10349,EPU,iShares MSCI All Peru Capped Index Fund ETF,Global Equity ETF,
1360,ERF,Enerplus Corporation Common Sto ,Basic Materials,Oil & Gas Drilling & Exploration
1385,ESYS,Elecsys Corporation ,Consumer Goods,Electronic Equipment
4508,EVAC, Edwards Group Limited ,Industrial Goods,Diversified Machinery
1396,EVC,Entravision Communications Corp ,Services,Broadcasting - TV
1402,EWBC,East West Bancorp Inc. ,Financial,Regional - Pacific Banks
10417,EWD,iShares MSCI Sweden Index Fund ETF,Global Equity ETF,
10412,EWS,iShares MSCI Singapore Index Fund ETF,Global Equity ETF,
10413,EWSS,iShares MSCI Singapore Small Cap Fund,Global Equity ETF,
1421,EXPR,Express Inc. Common ,Services,Apparel Stores
1428,FAF,First American Corporation (New ,Financial,Property & Casualty Insurance
1431,FARO,FARO Technologies Inc. ,Technology,Scientific & Technical Instruments
4530,FAV, First Trust Active Dividend Inc ,N/A,N/A
1440,FBSS,Fauquier Bankshares Inc. ,Financial,Regional - Southeast Banks
11245,FCAP,First Capital Inc. ,Financial,Savings & Loans
1446,FCF,First Commonwealth Financial Co ,Financial,Regional - Northeast Banks
1454,FCVA,First Capital Bancorp Inc. (VA ,Financial,Money Center Banks
4546,FENG, Phoenix New Media Limited Ameri ,Technology,Internet Information Providers
1480,FFKY,First Financial Service Corpora ,Financial,Regional - Southeast Banks
1482,FFNW,First Financial Northwest Inc. ,Financial,Regional - Pacific Banks
4556,FHY, First Trust Strategic High Inco ,N/A,N/A
1490,FINL,The Finish Line Inc. ,Services,Specialty Retail Other
1498,FL,Footlocker Inc. ,Services,Apparel Stores
4563,FLC, Flaherty & Crumrine/Claymore To ,Financial,Closed-End Fund - Debt
1501,FLIR,FLIR Systems Inc. ,Industrial Goods,Aerospace/Defense Products & Services
1517,FMFC,First M & F Corporation ,Financial,Regional - Southeast Banks
1522,FNBN,FNB United Corp. ,Financial,Regional - Mid-Atlantic Banks
4572,FNP, Fifth & Pacific Companies  Inc. ,Consumer Goods,Textile - Apparel Clothing
1533,FORM,FormFactor Inc. ,Technology,Semiconductor - Broad Line
1535,FORTY,Formula Systems (1985) Ltd. ,Technology,Business Software & Services
4579,FRAN, Francesca's Holdings Corporatio ,Services,Specialty Retail  Other
1541,FRC,FIRST REPUBLIC BANK Common Stoc ,Financial,Money Center Banks
4583,FSBK, First South Bancorp Inc ,Financial,Savings & Loans
1565,FSTR,L.B. Foster Company ,Services,Basic Materials Wholesale
1572,FTR,Frontier Communications Corpora ,Technology,Telecom Services - Domestic
4593,FUD, E-TRACS USB Bloomberg Commodity ,N/A,N/A
1580,FUR,Winthrop Realty Trust New Commo ,Financial,REIT - Diversified
10006,FWDD,AdvisorShares Madrona Forward Domestic ETF,US Equity ETF,
10008,FWDI,AdvisorShares Madrona Forward International ETF,Global Equity ETF,
4597,FXB, Rydex CurrencyShares British Po ,N/A,N/A
4598,FXC, Rydex CurrencyShares Canadian D ,N/A,N/A
4603,FXY, Rydex CurrencyShares Japanese Y ,N/A,N/A
4612,GAT, Georgia Power Company Series 20 ,N/A,N/A
4618,GCC, GreenHaven Continuous Commodity ,N/A,N/A
1610,GCO,Genesco Inc. Common ,Services,Apparel Stores
1614,GDOT,Green Dot Corporation Class A C ,Services,Business Services
4655,GJV, Synthetic Fixed-Income Securiti ,N/A,N/A
1668,GLPW,Global Power Equipment Group In ,Industrial Goods,Diversified Machinery
1677,GMET,GeoMet Inc. ,Basic Materials,Oil & Gas Drilling & Exploration
4671,GNC, GNC Holdings  Inc. Class A Comm ,Services,Drug Stores
1684,GNK,Genco Shipping & Trading Limite ,Services,Shipping
4683,GRFS, Grifols  S.A. ,N/A,N/A
4687,GRU, AB Svensk Ekportkredit (Swedish ,N/A,N/A
1728,GSI,General Steel Holdings Inc. Co ,Basic Materials,Steel & Iron
1731,GSL,Global Ship Lease Inc New Class ,Services,Shipping
1735,GST,Gastar Exploration Ltd New Ordi ,Basic Materials,Independent Oil & Gas
4701,GTE, Gran Tierra Energy Inc. Common  ,Basic Materials,Independent Oil & Gas
4711,GUA, Gulf Power Company Series 2011A ,N/A,N/A
4728,GYB, CABCO Series 2004-101 Trust Gol ,N/A,N/A
4729,GYC, Corporate Asset Backed Corp CAB ,N/A,N/A
4747,HAYN, Haynes International  Inc. ,Basic Materials,Steel & Iron
4748,HBAN, Huntington Bancshares Incorpora ,Financial,Regional - Midwest Banks
4792,HFBC, HopFed Bancorp  Inc. ,Financial,Savings & Loans
4810,HIHO, Highway Holdings Limited ,Industrial Goods,Metal Fabrication
4811,HII, Huntington Ingalls Industries   ,Industrial Goods,Aerospace/Defense Products & Services
4853,HNT, Health Net Inc. Common ,Healthcare,Health Care Plans
4863,HOME, Home Federal Bancorp  Inc. ,Financial,Savings & Loans
4876,HPJ, Hong Kong Highpower Technology ,Industrial Goods,Industrial Electrical Equipment
4878,HPP, Hudson Pacific Properties  Inc. ,Financial,REIT - Office
4883,HPY, Heartland Payment Systems  Inc. ,Services,Business Services
4895,HSC, Harsco Corporation Common ,Basic Materials,Steel & Iron
4899,HSII, Heidrick & Struggles Internatio ,Services,Staffing & Outsourcing Services
4900,HSKA, Heska Corporation ,Healthcare,Biotechnology
4918,HTGZ, Hercules Technology Growth Capi ,N/A,N/A
4941,HWCC, Houston Wire & Cable Company ,Services,Industrial Equipment Wholesale
4957,HZO, MarineMax  Inc. Common ,Services,Specialty Retail  Other
4960,IAF, Aberdeen Australia Equity Fund  ,N/A,N/A
4965,IBCA, Intervest Bancshares Corp. ,Financial,Credit Services
4981,ICH, Investors Capital Holdings  Ltd ,Financial,Diversified Investments
4983,ICLR, ICON plc ,Healthcare,Medical Laboratories & Research
10300,IFGL,iShares FTSE EPRA/NAREIT Global Real Estate ex-U.S. Index Fund ETF,Global Equity ETF,
10312,IGN,iShares Goldman Sachs Network Index Fund ETF,US Equity ETF,
10277,IHF,iShares Dow Jones U.S. Health Care Providers Index Fund ETF,US Equity ETF,
10281,IHI,iShares Dow Jones U.S. Medical Devices Index Fund ETF,US Equity ETF,
5026,IHS, IHS Inc. IHS Inc. Class A Commo ,Technology,Information & Delivery Services
10553,ILB,PIMCO Global Adv Inf-Linked Bond Str ETF,Fixed Income ETF,
5042,IM, Ingram Micro Inc. Common ,Services,Computers Wholesale
5044,IMF, Western Asset Inflation Managem ,N/A,N/A
5050,IMMU, Immunomedics  Inc. ,Healthcare,Biotechnology
1742,IMRS,Imris Inc ,Healthcare,Medical Instruments & Supplies
5058,INN, Summit Hotel Properties  Inc. C ,Financial,Real Estate Development
1768,INUV,Inuvo Inc New ,Services,Marketing Services
5064,INXN, InterXion Holding N.V. Ordinary ,Technology,Internet Information Providers
1789,IR,Ingersoll-Rand plc (Ireland) ,Industrial Goods,Diversified Machinery
5070,IRDMZ, Iridium Communications Inc ,N/A,N/A
1803,ISF,ING Group N.V. Perp Hybrid Cap ,NULL,NULL
5078,ISM, SLM Corporation ,N/A,N/A
1824,ITRI,Itron Inc. ,Technology,Scientific & Technical Instruments
1826,ITT,ITT Corporation Common ,Industrial Goods,Diversified Machinery
1827,ITUB,Itau Unibanco Banco Holding SA  ,Financial,Foreign Money Center Banks
1840,JAKK,JAKKS Pacific Inc. ,Consumer Goods,Toys & Games
5103,JIVE, Jive Software  Inc. ,Technology,Application Software
5105,JJC, iPath Dow Jones UBS Copper Tota ,N/A,N/A
5106,JJG, iPath Dow Jones UBS Grains Tota ,N/A,N/A
5107,JJM, iPath Dow Jones UBS Industrial  ,N/A,N/A
1865,JMBA,Jamba Inc. ,Services,Restaurants
1873,JOEZ,Joe's Jeans Inc. ,Consumer Goods,Textile - Apparel Clothing
1874,JOSB,Jos. A. Bank Clothiers Inc. ,Services,Apparel Stores
1884,JWN,Nordstrom Inc. Common ,Services,Apparel Stores
5142,JZV, Lehman ABS Corp 7.00% Corporate ,N/A,N/A
1901,KDN,Kaydon Corporation Common ,Industrial Goods,Machine Tools & Accessories
1906,KEQU,Kewaunee Scientific Corporation ,Technology,Scientific & Technical Instruments
1910,KEYN,Keynote Systems Inc. ,Technology,Internet Software & Services
1911,KEYW,The KEYW Holding Corporation ,Technology,Security Software & Services
1926,KIRK,Kirkland's Inc. ,Services,Home Furnishing Stores
1928,KKD,Krispy Kreme Doughnuts Inc. Co ,Services,Restaurants
1938,KNDI,Kandi Technolgies Corp. ,Consumer Goods,Auto Manufacturers - Major
1946,KONA,Kona Grill Inc. ,Services,Restaurants
1947,KONE,Kingtone Wirelessinfo Solution  ,Technology,Business Software & Services
1948,KONG,KongZhong Corporation ,Technology,Multimedia & Graphics Software
5165,KSM, DSW Strategic Municiple Income  ,N/A,N/A
1961,KSS,Kohl's Corporation Common ,Services,Department Stores
1967,KTEC,Key Technology Inc. ,Consumer Goods,Processed & Packaged Goods
1968,KTOS,Kratos Defense & Security Solut ,Services,Security & Protection Services
1975,KXM,Kobex Minerals Inc. ,Basic Materials,Industrial Metals & Minerals
5171,KYAK, Kayak Software Corporation ,Technology,Internet Information Providers
5175,LAQ, Aberdeen Latin America Equity F ,Financial,Closed-End Fund - Foreign
1996,LCI,Lannett Co Inc Common ,Healthcare,Drug Manufacturers - Other
11354,LIN,LIN Media LLC ,Services,Broadcasting - TV
2027,LINTA,Liberty Interactive Corporation ,Services,Catalog & Mail Order Houses
2032,LKFN,Lakeland Financial Corporation ,Financial,Regional - Midwest Banks
2058,LOCM,Local.com Corporation ,Technology,Internet Information Providers
5198,LPI, Laredo Petroleum Holdings  Inc. ,Basic Materials,Independent Oil & Gas
5204,LSKY, ETRACS Monthly 2xLeveraged ISE  ,N/A,N/A
2090,LTD,Limited Brands Inc. ,Services,Apparel Stores
2091,LTM,Life Time Fitness Common ,Services,Sporting Activities
2115,LYV,Live Nation Entertainment Inc. ,Services,Entertainment - Diversified
2118,M,Macy's Inc Common ,Services,Department Stores
2121,MAC,Macerich Company (The) Common S ,Financial,REIT - Retail
2150,MCBC,Macatawa Bank Corporation ,Financial,Regional - Midwest Banks
2168,MDAS,MedAssets Inc. ,Technology,Healthcare Information Services
2175,MDM,Mountain Province Diamonds Inc. ,Basic Materials,Nonmetallic Mineral Mining
2180,MDT,Medtronic Inc. Common ,Healthcare,Medical Appliances & Equipment
5231,MEMP, Memorial Production Partners LP ,Basic Materials,Independent Oil & Gas
2204,MFG,Mizuho Financial Group Inc. Sp ,Financial,Money Center Banks
2219,MGN,Mines Management Inc. Common S ,Basic Materials,Silver
2246,MLG,MetLife Inc. 5.875% Sr Nt 11/2 ,NULL,NULL
2254,MLVF,Malvern Federal Bancorp Inc. ,Financial,Savings & Loans
2264,MNDO,MIND C.T.I. Ltd. ,Technology,Information Technology Services
5285,MNP, Western Asset Municipal Partner ,N/A,N/A
2269,MNRK,Monarch Financial Holdings Inc ,Financial,Regional - Mid-Atlantic Banks
2283,MON,Monsanto Company Common ,Basic Materials,Agricultural Chemicals
5289,MORN, Morningstar  Inc. ,Technology,Information & Delivery Services
2287,MOV,Movado Group Inc. Common ,Consumer Goods,Recreational Goods Other
2294,MPG,MPG Office Trust Inc. Common S ,Financial,REIT - Office
5293,MPO, Midstates Petroleum Company  In ,Basic Materials,Independent Oil & Gas
2298,MPX,Marine Products Corporation Com ,Consumer Goods,Recreational Goods Other
2318,MSG,The Madison Square Garden Compa ,Services,Entertainment - Diversified
5303,MSJ, Morgan Stanley Cap Trust VI Cap ,N/A,N/A
5304,MSK, Morgan Stanley Cap TR VIII GDT  ,N/A,N/A
2325,MSTR,MicroStrategy Incorporated ,Technology,Business Software & Services
5307,MSZ, Morgan Stanley Capital Trust VI ,N/A,N/A
2334,MTN,Vail Resorts Inc. Common ,Services,Resorts & Casinos
10237,MUAD,iShares 2015 S&P AMT-Free Municipal Series ETF,Fixed Income ETF,
10476,MUB,iShares S&P National Municipal Bond Fund ETF,Fixed Income ETF,
2346,MUR,Murphy Oil Corporation Common S ,Basic Materials,Oil & Gas Refining & Marketing
2350,MVIS,Microvision Inc. ,Technology,Diversified Electronics
5350,NAT, Nordic American Tankers Limited ,Services,Shipping
2379,NAUH,National American University Ho ,Services,Education & Training Services
5351,NAVB, Navidea Biopharmaceuticals  Inc ,Healthcare,Medical Appliances & Equipment
5359,NBTF, NB&T FINANCIAL GROUP INC ,Financial,Regional - Southeast Banks
2397,NCR,NCR Corporation Common ,Technology,Information Technology Services
2403,NDZ,Nordion Inc. Common ,Healthcare,Specialized Health Services
2416,NEWN,New Energy Systems Group. Commo ,Technology,Diversified Electronics
2434,NGT,Eastern American Natural Gas Tr ,Financial,Diversified Investments
2439,NICE,NICE-Systems Limited ,NULL,NULL
2444,NINE,Ninetowns Internet Technology G ,Technology,Business Software & Services
5388,NJV, Nuveen New Jersey Municipal Val ,N/A,N/A
2447,NKA,Niska Gas Storage Partners LLC  ,Utilities,Gas Utilities
2453,NLS,Nautilus Inc. Common ,Consumer Goods,Sporting Goods
2466,NOAH,Noah Holdings Ltd. American Dep ,Financial,Asset Management
2470,NOK,Nokia Corporation Sponsored Ame ,Technology,Communication Equipment
2477,NPD,China Nepstar Chain Drugstore L ,Services,Drug Stores
5418,NPN, Nuveen Pennsylvania Municipal V ,N/A,N/A
5435,NRGM, Inergy Midstream  L.P. Common U ,Basic Materials,Oil & Gas Pipelines
5436,NRK, Nuveen New York AMT-Free Munici ,N/A,N/A
2487,NRP,Natural Resources Partners LP ,Basic Materials,Industrial Metals & Minerals
2488,NRT,North European Oil Royality Tru ,Financial,Diversified Investments
2490,NSC,Norfolk Southern Corporation Co ,Services,Railroads
2498,NSYS,Nortech Systems Incorporated ,Technology,Diversified Electronics
2503,NTGR,NETGEAR Inc. ,Technology,Communication Equipment
2508,NTRS,Northern Trust Corporation ,Financial,Regional - Midwest Banks
2512,NTZ,Natuzzi S.p.A. ,Consumer Goods,Home Furnishings & Fixtures
2529,NVSL,Naugatuck Valley Financial Corp ,Financial,Savings & Loans
2541,NWY,New York & Company Inc. New Yo ,Services,Apparel Stores
5467,NXJ, Nuveen New Jersey Dividend Adva ,N/A,N/A
2551,NYT,New York Times Company (The) Co ,Services,Publishing - Newspapers
5480,OAK, Oaktree Capital Group  LLC Clas ,Financial,Asset Management
5481,OBAS, Optibase Ltd. ,Financial,Property Management
2567,ODFL,Old Dominion Freight Line Inc. ,Services,Trucking
2574,OFIX,Orthofix International N.V. ,Healthcare,Medical Appliances & Equipment
2575,OFLX,Omega Flex Inc. ,Industrial Goods,Industrial Equipment & Components
2581,OIIM,O2Micro International Limited ,Technology,Semiconductor - Integrated Circuits
2606,ONP,Orient Paper Inc. NEW Common S ,Consumer Goods,Paper & Paper Products
2633,OSBC,Old Second Bancorp Inc. ,Financial,Regional - Midwest Banks
5497,OSBCP, Old Second Bancorp  Inc. ,N/A,N/A
5498,OSH, Orchard Supply Hardware Stores  ,Services,Home Improvement Stores
11433,OVAS,OvaScience Inc. ,Healthcare,Biotechnology
2665,PAG,Penske Automotive Group Inc. C ,Services,Auto Dealerships
2667,PAM,Pampa Energia S.A. Pampa Energi ,Utilities,Electric Utilities
5510,PAR, PAR Technology Corporation Comm ,Technology,Application Software
2675,PBH,Prestige Brand Holdings Inc. C ,Healthcare,Drug Related Products
2682,PBY,Pep Boys-Manny Moe & Jack (The ,Services,Auto Parts Stores
2687,PCCC,PC Connection Inc. ,Services,Catalog & Mail Order Houses
2691,PCLN,priceline.com Incorporated ,Services,General Entertainment
11441,PCMI,PCM Inc. ,Services,Specialty Retail
5526,PDI, PIMCO Dynamic Income Fund Commo ,N/A,N/A
2703,PDLI,PDL BioPharma Inc. ,Healthcare,Biotechnology
10574,PFM,PowerShares Dividend Achievers ETF,US Equity ETF,
5543,PFPT, Proofpoint  Inc. ,Technology,Application Software
2730,PFSW,PFSweb Inc. ,Services,Business Services
5544,PGM, iPath DJ-UBS Platinum Subindex  ,N/A,N/A
2736,PGNX,Progenics Pharmaceuticals Inc. ,Healthcare,Biotechnology
2740,PHA,PulteGroup Inc. Sr Nt ,NULL,NULL
10640,PICB,PowerShares International Corporate Bond Portfolio ETF,Fixed Income ETF,
2754,PIR,Pier 1 Imports Inc. Common Sto ,Services,Home Furnishing Stores
5558,PJS, PreferredPlus Trust Ser FAR 1 T ,N/A,N/A
2760,PKI,PerkinElmer Inc. Common ,Healthcare,Medical Instruments & Supplies
2766,PLAB,Photronics Inc. ,Technology,Semiconductor - Integrated Circuits
2768,PLCE,The Children's Place Retail Sto ,Services,Apparel Stores
5565,PLP, Protective Life Corporation 8.0 ,N/A,N/A
2784,PM,Philip Morris International Inc ,Consumer Goods,Cigarettes
2830,PRGN,Paragon Shipping Inc. Class A C ,Services,Shipping
2838,PRKR,ParkerVision Inc. ,Technology,Semiconductor - Integrated Circuits
2845,PRSC,The Providence Service Corporat ,Healthcare,Specialized Health Services
5583,PRSS, CafePress Inc. ,Technology,Internet Information Providers
2851,PRXI,Premier Exhibitions Inc. ,Services,General Entertainment
5589,PSMI, Peregrine Semiconductor Corp. ,Technology,Semiconductor - Integrated Circuits
11457,PTC,PTC Inc. ,Technology,Technical & System Software
2884,PULS,Pulse Electronics Corporation C ,Technology,Diversified Electronics
10592,PWB,PowerShares Dynamic LargeCap Growth ETF,US Equity ETF,
10597,PXQ,PowerShares Dynamic Networking ETF,US Equity ETF,
5600,PYC, Merrill Lynch Depositor Inc Ser ,N/A,N/A
2906,PZG,Paramount Gold and Silver Corp. ,Basic Materials,Industrial Metals & Minerals
2917,QDEL,Quidel Corporation ,Healthcare,Diagnostic Substances
2925,QMM,Quaterra Resources Inc Ordinary ,Basic Materials,Industrial Metals & Minerals
2929,QSII,Quality Systems Inc. ,Technology,Healthcare Information Services
2932,QUAD,Quad Graphics Inc Class A Comm ,Services,Business Services
2933,QUIK,QuickLogic Corporation ,Technology,Semiconductor - Integrated Circuits
2966,RDWR,Radware Ltd. ,Technology,Information Technology Services
2971,REE,Rare Element Resources Ltd. Ord ,Basic Materials,Industrial Metals & Minerals
2981,RENT,Rentrak Corporation ,Services,Movie Production Theaters
11475,RESI,Altisource Residential Corporation ,Financial,REIT - Residential
2985,REXI,Resource America Inc. ,Financial,Asset Management
5624,REXX, Rex Energy Corporation ,Basic Materials,Oil & Gas Drilling & Exploration
5626,RFP, Resolute Forest Products Inc. C ,Consumer Goods,Paper & Paper Products
2992,RGDX,Response Genetics Inc. ,Healthcare,Medical Laboratories & Research
11478,RGRA,RBS Rogers Enhanced Agriculture ETN ,N/A,N/A
11481,RIBT,RiceBran Technologies ,Consumer Goods,Food - Major Diversified
2999,RICK,Rick's Cabaret International I ,Services,Restaurants
10684,RINF,ProShares 30 Year TIPS/TSY Spread ETF,Commodity Based ETF,
5648,RNP, Cohen & Steers Reit and Preferr ,Financial,Closed-End Fund - Equity
3030,ROG,Rogers Corporation Common ,Consumer Goods,Rubber & Plastics
3039,ROSE,Rosetta Resources Inc. ,Basic Materials,Independent Oil & Gas
5651,ROSG, Rosetta Genomics Ltd. ,Healthcare,Diagnostic Substances
3040,ROST,Ross Stores Inc. ,Services,Apparel Stores
5656,RQI, Cohen & Steers Quality Income R ,Financial,Closed-End Fund - Equity
3051,RRD,R.R. Donnelley & Sons Company ,Services,Business Services
10004,RRGR,AdvisorShares Global Alpha & Beta ETF,Global Equity ETF,
5658,RRMS, Rose Rock Midstream  L.P. Commo ,Basic Materials,Major Integrated Oil & Gas
3054,RRTS,Roadrunner Transportation Syste ,Services,Air Delivery & Freight Services
10524,RTH,Market Vectors Retail ETF,US Equity ETF,
3066,RTIX,RTI Biologics Inc. ,Healthcare,Medical Appliances & Equipment
3070,RUE,rue21 inc. ,Services,Apparel Stores
3072,RUSHA,Rush Enterprises Inc. ,NULL,NULL
3073,RUSHB,Rush Enterprises Inc. ,Services,Auto Dealerships
3075,RVBD,Riverbed Technology Inc. ,Technology,Networking & Communication Devices
5665,RVM, Revett Minerals Inc New Common  ,Basic Materials,Industrial Metals & Minerals
10833,RWV,REVENUESHARES NAVELLIER OVERALL A-100 FUND ETF,US Equity ETF,
5670,RZA, Reinsurance Group of America  I ,N/A,N/A
3086,SAAS,inContact Inc. ,Technology,Application Software
3110,SBGI,Sinclair Broadcast Group Inc. ,Services,Broadcasting - TV
3126,SCHW,Charles Schwab Corporation (The ,Financial,Investment Brokerage - National
3137,SCOR,comScore Inc. ,Services,Business Services
10868,SCPB,SPDR Barclays Capital Short Term Corporate Bond ETF,Fixed Income ETF,
3143,SCX,L.S. Starrett Company (The) Com ,Industrial Goods,Small Tools & Accessories
3152,SEED,Origin Agritech Limited ,Consumer Goods,Farm Products
3165,SFLY,Shutterfly Inc. ,Technology,Internet Information Providers
3167,SFST,Southern First Bancshares Inc. ,Financial,Regional - Mid-Atlantic Banks
3169,SFY,Swift Energy Company (Holding C ,Basic Materials,Independent Oil & Gas
3183,SHBI,Shore Bancshares Inc ,Financial,Regional - Mid-Atlantic Banks
3204,SIG,Signet Jewelers Limited Common  ,Services,Jewelry Stores
3210,SIM,Grupo Simec S.A.B. de C.V. Ame ,Basic Materials,Steel & Iron
3214,SINO,Sino-Global Shipping America L ,Services,Air Delivery & Freight Services
5710,SIVR, ETFS Physical Silver Shares Tru ,N/A,N/A
5712,SKUL, Skullcandy  Inc. ,Industrial Goods,Industrial Electrical Equipment
5713,SLA, American Select Portfolio  Inc. ,Financial,Closed-End Fund - Debt
3238,SLM,SLM Corporation ,Financial,Credit Services
5717,SLV, iShares Silver Trust ,N/A,N/A
3249,SMCI,Super Micro Computer Inc. ,Technology,Networking & Communication Devices
3252,SMG,Scotts Miracle-Gro Company (The ,Basic Materials,Agricultural Chemicals
5720,SMIT, Schmitt Industries  Inc. ,Technology,Scientific & Technical Instruments
3260,SMT,SMART Technologies Inc. ,NULL,NULL
3261,SMTC,Semtech Corporation ,Technology,Semiconductor - Integrated Circuits
3268,SNE,Sony Corporation Common ,Consumer Goods,Electronic Equipment
3275,SNP,China Petroleum & Chemical Corp ,Basic Materials,Major Integrated Oil & Gas
3279,SNTA,Synta Pharmaceuticals Corp. ,Healthcare,Diagnostic Substances
3285,SOCB,Southcoast Financial Corporatio ,Financial,Regional - Southeast Banks
11512,SOHO,Sotherly Hotels Inc. ,Financial,REIT - Hotel/Motel
3293,SONA,Southern National Bancorp of Vi ,Financial,Regional - Mid-Atlantic Banks
3335,SRT,StarTek Inc. Common ,Services,Business Services
3347,SSW,Seaspan Corporation Seaspan Cor ,Services,Shipping
10245,STIP,iShares Barclays 0-5 Year TIPS ETF,Fixed Income ETF,
3362,STJ,St. Jude Medical Inc. Common S ,Healthcare,Medical Appliances & Equipment
3366,STLY,Stanley Furniture Company Inc. ,Consumer Goods,Home Furnishings & Fixtures
3372,STNR,Steiner Leisure Limited ,Services,Personal Services
11527,STRZA,Starz ,Services,Entertainment - Diversified
3386,STV,China Digital TV Holding Co. L ,Technology,Application Software
10478,SUB,iShares S&P Short Term National AMT-Free Municipal Bond Fund ETF,Fixed Income ETF,
3412,SWI,Solarwinds Inc. Common ,Technology,Application Software
3413,SWIR,Sierra Wireless Inc. ,NULL,NULL
5765,SWU, Stanley Black & Decker  Inc Cor ,N/A,N/A
3426,SYK,Stryker Corporation Common Stoc ,Healthcare,Medical Appliances & Equipment
5771,SYRG, Synergy Resources Corporation C ,Basic Materials,Oil & Gas Equipment & Services
11533,TAYCO,Taylor Capital Group Inc. ,N/A,N/A
3458,TCB,TCF Financial Corporation Commo ,Financial,Money Center Banks
3473,TDG,Transdigm Group Incorporated Tr ,Industrial Goods,Aerospace/Defense Products & Services
10125,TDTF,FlexShares iBoxx 5-Year Target Duration TIPS Index Fund ETF,Fixed Income ETF,
10124,TDTT,FlexShares iBoxx 3-Year Target Duration TIPS Index Fund ETF,Fixed Income ETF,
3476,TDW,Tidewater Inc. Common ,Services,Shipping
3477,TDY,Teledyne Technologies Incorpora ,Industrial Goods,Aerospace/Defense Products & Services
3482,TECUA,Tecumseh Products Company ,Industrial Goods,Diversified Machinery
5798,TECUB, Tecumseh Products Company ,N/A,N/A
5804,TGR, iShares S&P Target Date Retirem ,N/A,N/A
3522,TIBX,TIBCO Software Inc. ,Technology,Business Software & Services
11545,TIPT,Tiptree Financial Inc. ,Financial,Asset Management
3534,TJX,TJX Companies Inc. (The) Commo ,Services,Department Stores
5815,TMS, TMS International Corp. Class A ,Industrial Goods,Diversified Machinery
3553,TNGN,Tengion Inc. ,Healthcare,Biotechnology
3574,TQNT,TriQuint Semiconductor Inc. ,Technology,Semiconductor - Integrated Circuits
11553,TRCH,Torchlight Energy Resources Inc. ,N/A,N/A
5822,TRIP, TripAdvisor  Inc. ,Technology,Internet Information Providers
3585,TRK,Speedway Motorsports Inc. Comm ,Services,Sporting Activities
5833,TSBK, Timberland Bancorp  Inc. ,Financial,Savings & Loans
3618,TSU,Tele Celular Sul Participacoes  ,Technology,Wireless Communications
3621,TTEC,TeleTech Holdings Inc. ,Services,Business Services
3632,TUP,Tupperware Brands Corporation C ,Consumer Goods,Packaging & Containers
3633,TV,Grupo Televisa S.A. Common Stoc ,Services,Broadcasting - TV
3634,TVL,LIN TV Corp Common ,Services,Broadcasting - TV
5848,TWTI, RBS Oil Trendpilot ETN ,N/A,N/A
3649,TXRH,Texas Roadhouse Inc. ,Services,Restaurants
5857,TZD, iShares S&P Target Date 2010 ,N/A,N/A
5870,UBM, E-TRACS USB Bloomberg Commodity ,N/A,N/A
3664,UBSH,Union First Market Bankshares C ,Financial,Regional - Mid-Atlantic Banks
3672,UEC,Uranium Energy Corp. Common Sto ,Basic Materials,Industrial Metals & Minerals
11563,UIHC,United Insurance Holdings Corp. ,Financial,Property & Casualty Insurance
10758,UINF,ProShares UltraPro 10 Year TIPS/TSY Spread ETF,Commodity Based ETF,
3689,ULBI,Ultralife Corporation ,Industrial Goods,Industrial Electrical Equipment
10735,UMX,ProShares Ultra MSCI Mexico Investable Market ETF,Commodity Based ETF,
5886,UNXL, Uni-Pixel  Inc. ,Technology,Diversified Electronics
3714,UQM,UQM TECHNOLOGIES INC Common Sto ,Industrial Goods,Industrial Electrical Equipment
3715,URBN,Urban Outfitters Inc. ,Services,Apparel Stores
5889,USA, Liberty All-Star Equity Fund Co ,Financial,Closed-End Fund - Equity
3729,USLM,United States Lime & Minerals  ,Industrial Goods,General Building Materials
3730,USM,United States Cellular Corporat ,Technology,Wireless Communications
5897,USV, E-TRACS USB Bloomberg Commodity ,N/A,N/A
3745,UVE,UNIVERSAL INSURANCE HOLDINGS IN ,Financial,Property & Casualty Insurance
10744,UVG,ProShares Ultra Russell1000 Value ETF,Commodity Based ETF,
5903,UZA, United States Cellular Corporat ,N/A,N/A
5907,VCF, Delaware Investments Colorado M ,Financial,Closed-End Fund - Debt
3762,VE,Veolia Environn American Deposi ,Industrial Goods,Waste Management
3779,VISN,VisionChina Media Inc. ,Services,Advertising Agencies
10534,VNM,Market Vectors Vietnam ETF,Global Equity ETF,
3798,VOLC,Volcano Corporation ,Healthcare,Medical Appliances & Equipment
3810,VRNT,Verint Systems Inc. ,Technology,Business Software & Services
3812,VRSK,Verisk Analytics Inc. ,Services,Business Services
3813,VRSN,VeriSign Inc. ,Technology,Application Software
3832,VVI,Viad Corp Common ,Services,Business Services
3836,WAB,Westinghouse Air Brake Technolo ,Services,Railroads
3838,WAC,Walter Investment Management Co ,Financial,Asset Management
3880,WHG,Westwood Holdings Group Inc Com ,Financial,Asset Management
3896,WLT,Walter Energy Inc. Common Stoc ,Basic Materials,Industrial Metals & Minerals
3901,WMGI,Wright Medical Group Inc. ,Healthcare,Medical Appliances & Equipment
3913,WPO,Washington Post Company (The) C ,Services,Education & Training Services
10020,WREI,Claymore Wilshire US REIT ETF,US Equity ETF,
3923,WRES,Warren Resources Inc. ,Basic Materials,Independent Oil & Gas
3932,WSH,Willis Group Holdings Public Li ,Financial,Insurance Brokers
3933,WSM,Williams-Sonoma Inc. Common St ,Services,Home Furnishing Stores
5972,XCJ, Xcel Energy Inc. Jr Sub Nt ,N/A,N/A
3965,XCO,EXCO Resources Inc. Exco Resou ,Basic Materials,Independent Oil & Gas
3973,XNY,China Xiniya Fashion Limited Am ,Consumer Goods,Textile - Apparel Clothing
3978,XRA,Exeter Resource Corporation Ord ,Basic Materials,Gold
10953,XSW,SPDR S&P Software & Services ETF,US Equity ETF,
3987,XWES,World Energy Solutions Inc (DE) ,Services,Business Services
4005,ZAGG,ZAGG Inc ,Services,Specialty Retail Other
4008,ZEP,Zep Inc. Common ,Consumer Goods,Cleaning Products
4023,ZOLT,Zoltek Companies Inc. ,Industrial Goods,Industrial Electrical Equipment
4026,ZUMZ,Zumiez Inc. ,Services,Apparel Stores
